,PositionErr,LoopTimes,CurrTime
0,0.0,1.5620918273925781,1710442546.8730001
