,PositionErr,LoopTimes,CurrTime
0,0.0,0.0,1710198401.7620006
1,0.0,0.0,1710198401.7739007
2,0.0,0.0,1710198401.8399904
3,0.0,0.0,1710198401.9567375
4,0.0,0.0,1710198402.0777311
5,0.0,0.0,1710198402.2393005
6,0.0,0.0,1710198402.4398625
7,0.0,0.0,1710198402.641602
8,0.0,0.0,1710198402.8481243
9,0.0,0.0,1710198403.0357811
10,0.0,0.0,1710198403.2398934
11,0.0,0.0,1710198403.4353328
12,0.0,0.0,1710198403.6387837
13,0.0,0.0,1710198403.835877
14,0.0,0.0,1710198404.0372863
