,PositionErr,LoopTimes,CurrTime
0,0.0,1.5607666969299316,1710442505.9263027
1,0.0,0.07094597816467285,1710442505.9972494
2,0.0,0.07220292091369629,1710442506.0694525
3,0.0,0.06857466697692871,1710442506.1380281
4,0.0,0.07153606414794922,1710442506.2095644
5,0.0,0.07192683219909668,1710442506.2814915
