,PositionErr,LoopTimes,CurrTime
0,0.0,0.013195126056671143,1710116805.517494
