,PositionErr,LoopTimes,CurrTime
0,0.0,0.01222482681274414,1709950707.84505
1,0.0,0.012239367961883544,1709950707.8498924
2,0.0,0.012250423431396484,1709950707.8546987
3,0.0,0.012262005805969239,1709950707.8594112
4,0.0,0.012275905609130859,1709950707.8638065
