,PositionErr,LoopTimes,CurrTime
0,0.0,0.012234344482421874,1709853852.453847
