,PositionErr,LoopTimes,CurrTime
0,0.0,1.839557409286499,1710443137.3243136
