,PositionErr,LoopTimes,CurrTime
0,0.0,0.0,1710198477.0780957
1,0.0,0.0,1710198477.0826304
2,0.0,0.0,1710198477.2325153
3,0.0,0.0,1710198477.4322832
4,0.0,0.0,1710198477.632681
5,0.0,0.0,1710198477.8335035
6,0.0,0.0,1710198478.0337322
7,0.0,0.0,1710198478.2338443
8,0.0,0.0,1710198478.4404619
9,0.0,0.0,1710198478.6354616
10,0.0,0.0,1710198478.8336377
11,0.0,0.0,1710198479.0340934
12,0.0,0.0,1710198479.2364163
13,0.0,0.0,1710198479.4325929
