,PositionErr,LoopTimes,CurrTime
0,0.0,0.016185481548309327,1706829216.844059
1,0.0,0.14347122192382813,1706829229.5786595
