,PositionErr,LoopTimes,CurrTime
0,0.0,0.012988252639770508,1710289698.206044
