,CurrEncVal,DeltEncVal,CurrTime,DeltTime,CurrRpm,DeltRpm,SetRpm,PWMEst
0,4811.0,4811.0,1701289054.925718,5.902714967727661,16.140877633581134,13.859122366418866,30,13.928546569474625
1,5021.0,5021.0,1701289057.6688638,2.743145704269409,1.9138611528468734,28.086138847153126,30,28.2267118115537
