,DeltEncoder,LoopTimess,CurrRpm,ChangeInRpm
0,0.0,0.02105259895324707,0.0,40.0
1,0.0,0.021167993545532227,0.0,40.0
