,DeltEncoder,LoopTimes,CurrRpm,SetPoint,CurrTime,KpContrib,KiContrib,KdContrib,KwContrib
0,-1.0,1.653792142868042,-0.015116772750319434,0.0,1709950707.8455498,0.0,0.0,0.0,-0.0
1,-12.0,0.004549264907836914,-65.94471987841308,0.0,1709950707.850099,0.0,0.0,0.0,-0.0
2,-21.0,0.004864215850830078,-107.93106558180571,0.0,1709950707.8549633,0.0,0.0,0.0,-0.0
3,-30.0,0.004816770553588867,-155.7059842597634,0.0,1709950707.85978,0.0,0.0,0.0,-0.0
